predicted,true
53.341885,54.11766434
43.73151,45.09805298
24.524277,27.05883217
15.435791,18.43137932
14.751123,18.03922081
14.751123,18.03922081
