initial_SOC,final_SOC,altitude,avg_speed,total_distance
97.6470871,97.25493622,-6.151002109181007,8.878969193045984,5327.3815158275875
97.6470871,92.94120789,-13.471870472326003,8.515100086927925,15327.180156470244
97.6470871,87.05885315,-30.710975763554018,10.760474092693892,38737.70673369802
97.6470871,78.82355499,-25.015470520020017,11.650846522449983,62914.571221229824
97.6470871,76.07845306,-20.74091647169601,10.550756035830556,75965.44345797972
97.6470871,73.33335876,-14.888820133734015,9.82196376069929,88397.67384629337
97.6470871,13.33333778,-14.8781306164,14.681565914791982,268760.74563618196
97.6470871,13.33333778,-14.889449031747006,14.680763950192933,268760.74563618196
