predicted,true
53.663544,54.11766434
43.711678,45.09805298
25.232313,27.05883217
16.305061,18.43137932
16.364614,18.03922081
16.364614,18.03922081
