predicted,true
95.39833,97.25493622
93.8367,92.94120789
86.71083,87.05885315
80.63393,78.82355499
72.78198,76.07845306
71.55107,73.33335876
20.600033,13.33333778
20.600033,13.33333778
