predicted,true
95.78385,97.25493622
93.2845,92.94120789
85.09735,87.05885315
71.18001,78.82355499
66.0943,76.07845306
58.19344,73.33335876
30.45158,13.33333778
30.447302,13.33333778
