predicted,true
95.251945,97.25493622
93.268326,92.94120789
84.962074,87.05885315
75.63371,78.82355499
71.590836,76.07845306
59.29377,73.33335876
30.711872,13.33333778
30.709858,13.33333778
