predicted,true
53.846878,54.11766434
44.875454,45.09805298
26.265526,27.05883217
16.521008,18.43137932
16.922148,18.03922081
16.922148,18.03922081
