Predicted,Actual
15.150591,18.03922081
44.40318,13.33333778
