initial_SOC,final_SOC,altitude,avg_speed,total_distance
56.86276245,54.11766434,20.325102061091997,6.744388869759259,4046.6333218555574
56.86276245,45.09805298,-5.627384689944023,14.710089707682778,26478.16147382905
56.86276245,27.05883217,-98.5635884192568,21.899569376001995,78838.44975360717
56.86276245,18.43137932,-95.12507770642901,20.43827950538581,110366.70932908327
56.86276245,18.03922081,-90.21903305345411,19.916076821406524,111848.68742901889
56.86276245,18.03922081,-90.21954473950821,19.912531142784236,111848.68742901889
